<?xml version="1.0" encoding="UTF-8"?>
<site>
	<description>To install these features, point Eclipse at this site.</description>
	<!-- JBoss Tools smooks Nightly Build Update Site -->
	<category-def label="JBoss Tools smooks Nightly Build Update Site" name="JBoss Tools smooks Nightly Build Update Site">
		<description>JBoss Tools smooks Nightly Build Update Site: contains all features in this build.</description>
	</category-def>
	<feature url="features/org.jboss.tools.smooks.feature_1.1.0.v20180602-0511.jar" id="org.jboss.tools.smooks.feature" version="1.1.0.v20180602-0511">
		<category name="JBoss Tools smooks Nightly Build Update Site"/>
	</feature>

</site>
